{
  "project_info": {
    "project_number": "102351583112",
    "firebase_url": "https://servicepay-755aa-default-rtdb.firebaseio.com",
    "project_id": "servicepay-755aa",
    "storage_bucket": "servicepay-755aa.appspot.com"
  },
  "client": [
    {
      "client_info": {
        "mobilesdk_app_id": "1:102351583112:android:ee5943e6eca8303a3dec3d",
        "android_client_info": {
          "package_name": "com.example.servicepay"
        }
      },
      "oauth_client": [
        {
          "client_id": "102351583112-ldm3f2m36u783b4qhfk55nuoacs8liu5.apps.googleusercontent.com",
          "client_type": 1,
          "android_info": {
            "package_name": "com.example.servicepay",
            "certificate_hash": "ffaf48d2fbe607b94ae3b0fd1869f2bdca3c5ac1"
          }
        },
        {
          "client_id": "102351583112-csig89pvhlhpknpbff1ocodots5j386j.apps.googleusercontent.com",
          "client_type": 3
        }
      ],
      "api_key": [
        {
          "current_key": "AIzaSyBJUKV5cL-zYfYzFEs8K92LTDHf_I5EvYs"
        }
      ],
      "services": {
        "appinvite_service": {
          "other_platform_oauth_client": [
            {
              "client_id": "102351583112-csig89pvhlhpknpbff1ocodots5j386j.apps.googleusercontent.com",
              "client_type": 3
            }
          ]
        }
      }
    }
  ],
  "configuration_version": "1"
}